coin_id,coin_name,coin_code,info_url,price,h1,h24,d7,h24_volume,market_cap,sparkline_url,market_per_trade
15985,Automata,ATA,https://www.coingecko.com/en/coins/automata,1.69,2.7,30,192,722255624,284983982,https://www.coingecko.com/coins/15985/sparkline,2.5343727002874146
11970,Serum,SRM,https://www.coingecko.com/en/coins/serum,7.63,0.7,8.5,-2.9,759623048,379836204,https://www.coingecko.com/coins/11970/sparkline,1.9998700492489125
14751,Mobox,MBOX,https://www.coingecko.com/en/coins/mobox,9.54,-1,-5.7,121.1,505185759,281165978,https://www.coingecko.com/coins/14751/sparkline,1.7967528027164084
11095,JUST,JST,https://www.coingecko.com/en/coins/just,0.070368745651,-0.3,4.1,-0.5,114287904,100991713,https://www.coingecko.com/coins/11095/sparkline,1.1316562577763187
14375,My Neighbor Alice,ALICE,https://www.coingecko.com/en/coins/my-neighbor-alice,22.07,-0.1,24,69.7,397326083,382422133,https://www.coingecko.com/coins/14375/sparkline,1.0389725089473312
12390,Alchemy Pay,ACH,https://www.coingecko.com/en/coins/alchemy-pay,0.118487,2.5,16.9,35.7,160130095,213609512,https://www.coingecko.com/coins/12390/sparkline,0.749639346584903
12424,Sun Token,SUN,https://www.coingecko.com/en/coins/sun-token,0.032608237233,0.1,9.9,-8,121312651,162562875,https://www.coingecko.com/coins/12424/sparkline,0.7462506491718973
14577,Tokocrypto,TKO,https://www.coingecko.com/en/coins/tokocrypto,3.33,0.2,16.4,45,183269563,253850117,https://www.coingecko.com/coins/14577/sparkline,0.7219597342159192
14051,Mask Network,MASK,https://www.coingecko.com/en/coins/mask-network,15.92,-0.7,14.4,132.4,319764392,479480347,https://www.coingecko.com/coins/14051/sparkline,0.6668978071795715
14676,Alien Worlds,TLM,https://www.coingecko.com/en/coins/alien-worlds,0.330344,-1.2,12.1,19.9,254971534,405520102,https://www.coingecko.com/coins/14676/sparkline,0.6287518984693883
2962,COTI,COTI,https://www.coingecko.com/en/coins/coti,0.386036,0.1,9,31.5,178449348,334683656,https://www.coingecko.com/coins/2962/sparkline,0.5331881160040871
9108,FLEX Coin,FLEX,https://www.coingecko.com/en/coins/flex-coin,1.89,0.1,4.1,-4.5,71710640,148416917,https://www.coingecko.com/coins/9108/sparkline,0.48317025747139053
5000,Chromia,CHR,https://www.coingecko.com/en/coins/chromia,0.412968,1.3,10.7,8.3,104238650,232873232,https://www.coingecko.com/coins/5000/sparkline,0.4476197161209151
605,Enzyme,MLN,https://www.coingecko.com/en/coins/enzyme,129.94,1.8,-10.2,38.5,83829279,187342806,https://www.coingecko.com/coins/605/sparkline,0.44746462802526826
11620,Paris Saint-Germain Fan Token,PSG,https://www.coingecko.com/en/coins/paris-saint-germain-fan-token,35.19,-0.9,3.5,1.1,44316155,102930093,https://www.coingecko.com/coins/11620/sparkline,0.43054614747117737
10366,Smooth Love Potion,SLP,https://www.coingecko.com/en/coins/smooth-love-potion,0.142568,-1.1,3.9,-14.8,100914558,240325670,https://www.coingecko.com/coins/10366/sparkline,0.4199075279806772
14498,Ellipsis,EPS,https://www.coingecko.com/en/coins/ellipsis,0.864337,-0.9,7.2,11.5,112357929,278353698,https://www.coingecko.com/coins/14498/sparkline,0.40365164827089883
17569,JOE,JOE,https://www.coingecko.com/en/coins/joe,1.92,8.4,10.7,442.2,47602625,126428669,https://www.coingecko.com/coins/17569/sparkline,0.37651764727508125
4639,Bifrost,BFC,https://www.coingecko.com/en/coins/bifrost,0.435934,-0.9,1.8,-17.2,133788814,372938290,https://www.coingecko.com/coins/4639/sparkline,0.35874249865842417
5010,Everipedia,IQ,https://www.coingecko.com/en/coins/everipedia,0.016851177019,0,3.2,15.8,59548556,168920076,https://www.coingecko.com/coins/5010/sparkline,0.35252503675170027
12467,Aavegotchi,GHST,https://www.coingecko.com/en/coins/aavegotchi,2.04,0.3,-2.4,-5.1,42040590,124967954,https://www.coingecko.com/coins/12467/sparkline,0.3364109650062767
15278,Clover Finance,CLV,https://www.coingecko.com/en/coins/clover-finance,1.59,-1.4,9.9,-1.1,65405708,205342274,https://www.coingecko.com/coins/15278/sparkline,0.3185204231253424
9644,Tellor,TRB,https://www.coingecko.com/en/coins/tellor,52.75,0,6.4,-7.5,31968482,102036693,https://www.coingecko.com/coins/9644/sparkline,0.31330378376727674
15279,Casper Network,CSPR,https://www.coingecko.com/en/coins/casper-network,0.132581,-1.4,8.8,6.9,55297253,177196972,https://www.coingecko.com/coins/15279/sparkline,0.3120665797833159
1824,UTRUST,UTK,https://www.coingecko.com/en/coins/utrust,0.472289,-0.8,10.3,-0.6,66437985,212980036,https://www.coingecko.com/coins/1824/sparkline,0.31194466039061053
1371,aelf,ELF,https://www.coingecko.com/en/coins/aelf,0.370872,-0.6,10.6,26.6,47687927,170621750,https://www.coingecko.com/coins/1371/sparkline,0.2794950057656776
13295,Mirror Protocol,MIR,https://www.coingecko.com/en/coins/mirror-protocol,4.06,0.7,13.1,-9.8,86403567,314158387,https://www.coingecko.com/coins/13295/sparkline,0.27503186473897956
14025,Verasity,VRA,https://www.coingecko.com/en/coins/verasity,0.036232002142,0.1,29.6,23.8,63323329,237236550,https://www.coingecko.com/coins/14025/sparkline,0.2669206283770355
12509,Linear,LINA,https://www.coingecko.com/en/coins/linear,0.057933188071,1.5,11.8,-8.1,42851131,160918669,https://www.coingecko.com/coins/12509/sparkline,0.2662906129306849
949,Storj,STORJ,https://www.coingecko.com/en/coins/storj,1.43,-0.4,7,9.9,53919190,205254947,https://www.coingecko.com/coins/949/sparkline,0.2626937415544971
15810,Gitcoin,GTC,https://www.coingecko.com/en/coins/gitcoin,10.31,0.3,4.8,24.4,36320173,145778891,https://www.coingecko.com/coins/15810/sparkline,0.24914562561736048
309,Augur,REP,https://www.coingecko.com/en/coins/augur,28.35,-0.3,9.5,1.2,46291966,186679151,https://www.coingecko.com/coins/309/sparkline,0.2479760902705198
947,Kyber Network Crystal Legacy,KNCL,https://www.coingecko.com/en/coins/kyber-network-legacy,1.96,-0.1,6.4,-0.2,44748950,181787357,https://www.coingecko.com/coins/947/sparkline,0.24616095826730128
12651,DODO,DODO,https://www.coingecko.com/en/coins/dodo,1.91,-0.5,7.4,-8.5,67355397,283615790,https://www.coingecko.com/coins/12651/sparkline,0.23748817722736806
858,Gas,GAS,https://www.coingecko.com/en/coins/gas,10.44,0.3,9.2,2.9,33824186,145573601,https://www.coingecko.com/coins/858/sparkline,0.23235109777905405
17495,Tokemak,TOKE,https://www.coingecko.com/en/coins/tokemak,43.32,0.3,-1.2,38.9,32989769,153953841,https://www.coingecko.com/coins/17495/sparkline,0.21428350722344108
13383,PLEX,PLEX,https://www.coingecko.com/en/coins/plex,0.699143,-0.2,-0.1,0.5,27124989,131396767,https://www.coingecko.com/coins/13383/sparkline,0.2064357412994796
3318,NuCypher,NU,https://www.coingecko.com/en/coins/nucypher,0.304816,-0.2,6.5,-2.8,34917611,169941309,https://www.coingecko.com/coins/3318/sparkline,0.20546864800247008
14238,Ethernity Chain,ERN,https://www.coingecko.com/en/coins/ethernity-chain,17.9,1.6,17.3,-19.5,40883829,201990389,https://www.coingecko.com/coins/14238/sparkline,0.20240482333048035
14023,Pangolin,PNG,https://www.coingecko.com/en/coins/pangolin,2.85,-0.5,7.7,14.3,25687012,126993287,https://www.coingecko.com/coins/14023/sparkline,0.20227062868291612
4379,Celer Network,CELR,https://www.coingecko.com/en/coins/celer-network,0.045495152669,1.2,11.1,-2,51123244,254883451,https://www.coingecko.com/coins/4379/sparkline,0.20057498358337905
12944,CertiK,CTK,https://www.coingecko.com/en/coins/certik,2.38,1.1,8.3,11,26246594,133900630,https://www.coingecko.com/coins/12944/sparkline,0.19601546310872472
763,Metal,MTL,https://www.coingecko.com/en/coins/metal,2.81,0.1,7.4,-4.8,34287447,181811111,https://www.coingecko.com/coins/763/sparkline,0.18858829260440524
13905,SafePal,SFP,https://www.coingecko.com/en/coins/safepal,1.72,0.2,4.1,19.9,35206344,186687186,https://www.coingecko.com/coins/13905/sparkline,0.18858468411431303
12304,Harvest Finance,FARM,https://www.coingecko.com/en/coins/harvest-finance,243.76,1,11.9,-6,27038892,144555330,https://www.coingecko.com/coins/12304/sparkline,0.18704873767020558
11902,DFI.money,YFII,https://www.coingecko.com/en/coins/dfi-money,4239.99,-0.3,7.1,0.6,31160709,168587506,https://www.coingecko.com/coins/11902/sparkline,0.1848340350915447
788,Civic, CVC,https://www.coingecko.com/en/coins/civic,0.342857,0.3,10.1,3.3,42413629,229491504,https://www.coingecko.com/coins/788/sparkline,0.1848156827627048
12921, WOO Network,WOO,https://www.coingecko.com/en/coins/woo-network,0.659728,0.9,14.9,-19.1,54551815,321495216,https://www.coingecko.com/coins/12921/sparkline,0.1696815762260052
9567,HUSD,HUSD,https://www.coingecko.com/en/coins/husd,1,-0.1,-0.4,0.1,76933433,453949719,https://www.coingecko.com/coins/9567/sparkline,0.16947567049821216
13504,Reef Finance,REEF,https://www.coingecko.com/en/coins/reef-finance,0.023817879332,0.3,6.8,7.2,49997149,300503339,https://www.coingecko.com/coins/13504/sparkline,0.16637801485460366
1115,Streamr XDATA,XDATA,https://www.coingecko.com/en/coins/streamr-xdata,0.159883,0.5,-1.1,-0.7,18196234,110831570,https://www.coingecko.com/coins/1115/sparkline,0.16417915942181457
12588,BakerySwap,BAKE,https://www.coingecko.com/en/coins/bakeryswap,2.83,-0.3,5.3,7.7,80474124,495508849,https://www.coingecko.com/coins/12588/sparkline,0.1624070370537419
3916,Orchid Protocol,OXT,https://www.coingecko.com/en/coins/orchid-protocol,0.410404,0.1,8,4.2,39036116,241989831,https://www.coingecko.com/coins/3916/sparkline,0.16131304294352766
12648,Polkastarter,POLS,https://www.coingecko.com/en/coins/polkastarter,1.83,-0.1,7.5,-2.7,20791540,134481267,https://www.coingecko.com/coins/12648/sparkline,0.15460547378691786
9545,Band Protocol,BAND,https://www.coingecko.com/en/coins/band-protocol,8.99,0.8,7.5,5.4,47932175,314416354,https://www.coingecko.com/coins/9545/sparkline,0.15244809753121175
14917,Ampleforth Governance Token,FORTH,https://www.coingecko.com/en/coins/ampleforth-governance-token,19.08,-0.4,2.3,7.5,24708108,164095521,https://www.coingecko.com/coins/14917/sparkline,0.1505714954888988
3994,Carry,CRE,https://www.coingecko.com/en/coins/carry,0.011769021254,0.1,8.5,4.9,15083547,101820005,https://www.coingecko.com/coins/3994/sparkline,0.1481393268444644
1087,Bytom,BTM,https://www.coingecko.com/en/coins/bytom,0.076589818534,-0.7,3.2,-18.5,19111376,130271885,https://www.coingecko.com/coins/1087/sparkline,0.14670376497584264
3296,Origin Protocol,OGN,https://www.coingecko.com/en/coins/origin-protocol,1.06,0.1,7.4,0,51281742,363645736,https://www.coingecko.com/coins/3296/sparkline,0.14102115582072988
8545,MX Token,MX,https://www.coingecko.com/en/coins/mx-token,1.25,-1.1,8.6,49.9,17052737,125002443,https://www.coingecko.com/coins/8545/sparkline,0.13641922982257235
1374,Medibloc,MED,https://www.coingecko.com/en/coins/medibloc,0.080976497071,0.4,10.9,5.2,59357961,436347035,https://www.coingecko.com/coins/1374/sparkline,0.1360338360039504
13330,Terra Virtua Kolect,TVK,https://www.coingecko.com/en/coins/terra-virtua-kolect,0.307801,-0.8,6.4,10.1,18051595,134930160,https://www.coingecko.com/coins/13330/sparkline,0.13378472981874476
11683,Balancer,BAL,https://www.coingecko.com/en/coins/balancer,27.11,-0.3,5.4,-8,38704377,292863152,https://www.coingecko.com/coins/11683/sparkline,0.13215857555203803
3849,QuarkChain,QKC,https://www.coingecko.com/en/coins/quarkchain,0.022134905922,0.8,11.4,7.6,18687829,144276871,https://www.coingecko.com/coins/3849/sparkline,0.12952754568679273
13245,SKALE,SKL,https://www.coingecko.com/en/coins/skale,0.351147,-1,13.3,5.3,54991452,425205826,https://www.coingecko.com/coins/13245/sparkline,0.1293290181776578
12478,Bella Protocol,BEL,https://www.coingecko.com/en/coins/bella-protocol,2.63,0.2,8.4,10.2,15677333,126029449,https://www.coingecko.com/coins/12478/sparkline,0.12439420408796677
11555,Dawn Protocol,DAWN,https://www.coingecko.com/en/coins/dawn-protocol,4,-0.3,7.4,1.9,35047566,282552294,https://www.coingecko.com/coins/11555/sparkline,0.12403921944445441
5247,Metadium,META,https://www.coingecko.com/en/coins/metadium,0.129053,1.3,10.1,2.5,25403575,211290333,https://www.coingecko.com/coins/5247/sparkline,0.120230654376412
12738,Alpha Finance,ALPHA,https://www.coingecko.com/en/coins/alpha-finance,1.13,0.3,7.6,9.2,54011230,454000087,https://www.coingecko.com/coins/12738/sparkline,0.11896744416262633
13970,Quickswap,QUICK,https://www.coingecko.com/en/coins/quickswap,620.71,-0.1,3.2,-14.4,26597594,224163371,https://www.coingecko.com/coins/13970/sparkline,0.11865272136722105
12811,BarnBridge,BOND,https://www.coingecko.com/en/coins/barnbridge,31.18,1,-0.5,8.6,15173273,130002196,https://www.coingecko.com/coins/12811/sparkline,0.1167155130210262
12843,Rally,RLY,https://www.coingecko.com/en/coins/rally,0.658956,3.5,15.3,11.8,18171415,156913221,https://www.coingecko.com/coins/12843/sparkline,0.11580550628044274
13585,ZKSwap,ZKS,https://www.coingecko.com/en/coins/zkswap,1.03,-0.5,7.7,21.3,26582950,231536552,https://www.coingecko.com/coins/13585/sparkline,0.11481102992325808
12837,RAMP,RAMP,https://www.coingecko.com/en/coins/ramp,0.320152,-0.3,7.4,-2.5,11910296,106661011,https://www.coingecko.com/coins/12837/sparkline,0.11166494568479197
14040,SuperFarm,SUPER,https://www.coingecko.com/en/coins/superfarm,0.902673,0.8,5.5,-9.6,29614485,267269486,https://www.coingecko.com/coins/14040/sparkline,0.11080383863947717
3373,Keep Network,KEEP,https://www.coingecko.com/en/coins/keep-network,0.423019,-0.1,8.6,9,25048458,232303388,https://www.coingecko.com/coins/3373/sparkline,0.10782648594001565
14165,Alpaca Finance,ALPACA,https://www.coingecko.com/en/coins/alpaca-finance,1.24,-0.1,4.2,-13.7,19340228,180563459,https://www.coingecko.com/coins/14165/sparkline,0.10711042038688459
13825,Litentry,LIT,https://www.coingecko.com/en/coins/litentry,5.22,-0.5,10.2,-1.9,14656781,144643502,https://www.coingecko.com/coins/13825/sparkline,0.10133037984658308
95,BitShares,BTS,https://www.coingecko.com/en/coins/bitshares,0.057311919155,0,6.3,-3.2,14811472,155504998,https://www.coingecko.com/coins/95/sparkline,0.09524756239667614
11890,Wrapped NXM,WNXM,https://www.coingecko.com/en/coins/wrapped-nxm,71.29,0.4,4.2,-8.1,14828571,157706249,https://www.coingecko.com/coins/11890/sparkline,0.09402652776301845
3293,Hifi Finance,MFT,https://www.coingecko.com/en/coins/hifi-finance,0.012281963608,0,7.2,2.6,10802374,115444965,https://www.coingecko.com/coins/3293/sparkline,0.09357163389499057
3687,Ocean Protocol,OCEAN,https://www.coingecko.com/en/coins/ocean-protocol,0.85862,0.4,5.7,-7.9,34571575,371589858,https://www.coingecko.com/coins/3687/sparkline,0.09303691760069512
13162,Oasis Network,ROSE,https://www.coingecko.com/en/coins/oasis-network,0.102651,0.6,7.2,3.6,14195392,154175777,https://www.coingecko.com/coins/13162/sparkline,0.09207277742469233
14575,Tribe,TRIBE,https://www.coingecko.com/en/coins/tribe,0.858613,-0.2,-4.1,33.1,35386818,388819719,https://www.coingecko.com/coins/14575/sparkline,0.09101086254321376
646,iExec RLC,RLC,https://www.coingecko.com/en/coins/iexec-rlc,4.61,-0.1,6.8,-0.3,28825485,329676939,https://www.coingecko.com/coins/646/sparkline,0.08743555156583155
525,Ardor,ARDR,https://www.coingecko.com/en/coins/ardor,0.290676,0.1,3.5,7.6,25153640,289912682,https://www.coingecko.com/coins/525/sparkline,0.08676281363917705
13180,TrueFi,TRU,https://www.coingecko.com/en/coins/truefi,0.570172,3.4,9.3,-15.7,20164388,239747214,https://www.coingecko.com/coins/13180/sparkline,0.08410687099788362
13079,Conflux,CFX,https://www.coingecko.com/en/coins/conflux,0.336091,1.1,10.4,0.5,24114331,289598400,https://www.coingecko.com/coins/13079/sparkline,0.0832681775866165
531,Stratis,STRAX,https://www.coingecko.com/en/coins/stratis,2.31,0.2,7.9,4.6,19130171,230735644,https://www.coingecko.com/coins/531/sparkline,0.08290947453268209
13866,Zipmex Token,ZMT,https://www.coingecko.com/en/coins/zipmex-token,1.84,0.1,-0.7,-0.3,9473973,115107492,https://www.coingecko.com/coins/13866/sparkline,0.0823054419429102
11038,Cartesi,CTSI,https://www.coingecko.com/en/coins/cartesi,0.766165,-0.4,5.6,-2.9,24934552,304690239,https://www.coingecko.com/coins/11038/sparkline,0.08183574269341788
1104,Power Ledger,POWR,https://www.coingecko.com/en/coins/power-ledger,0.326596,-0.1,6.5,4.8,11208139,140323645,https://www.coingecko.com/coins/1104/sparkline,0.07987348817799024
203,Verge,XVG,https://www.coingecko.com/en/coins/verge,0.027793986613,-0.1,7,-18.2,35346515,457219876,https://www.coingecko.com/coins/203/sparkline,0.07730747689542701
11085,Trust Wallet Token,TWT,https://www.coingecko.com/en/coins/trust-wallet-token,0.884561,0,6.4,9.4,23377532,306092581,https://www.coingecko.com/coins/11085/sparkline,0.07637405625326149
761,FUNToken,FUN,https://www.coingecko.com/en/coins/fun-token,0.031292912202,0.4,3.4,6.1,25326464,332109133,https://www.coingecko.com/coins/761/sparkline,0.07625946257852535
13287,Badger DAO,BADGER,https://www.coingecko.com/en/coins/badger-dao,23.44,3,14.7,-10.2,16308725,220230487,https://www.coingecko.com/coins/13287/sparkline,0.07405298522542884
14392,ETH 2x Flexible Leverage Index,ETH2X-FLI,https://www.coingecko.com/en/coins/eth-2x-flexible-leverage-index,145.32,-0.1,9.8,-0.8,8212757,117170081,https://www.coingecko.com/coins/14392/sparkline,0.07009261178201286
12677,Venus,XVS,https://www.coingecko.com/en/coins/venus,33.02,-0.5,5.7,-8.9,24681816,354952896,https://www.coingecko.com/coins/12677/sparkline,0.06953546872878592
11811,bZx Protocol,BZRX,https://www.coingecko.com/en/coins/bzx-protocol,0.383727,0.4,6.9,-2.9,7625046,109903059,https://www.coingecko.com/coins/11811/sparkline,0.06937974310614957
14571,Pundi X,PUNDIX,https://www.coingecko.com/en/coins/pundi-x-new,1.8,-0.4,7.3,1.2,32165965,468749590,https://www.coingecko.com/coins/14571/sparkline,0.06862078535364692
9129,WINkLink,WIN,https://www.coingecko.com/en/coins/winklink,0.000614041674,0.3,5.1,-11.5,31678581,470770062,https://www.coingecko.com/coins/9129/sparkline,0.06729098461660461
14468,Illuvium,ILV,https://www.coingecko.com/en/coins/illuvium,517.19,-0.3,3.5,5.5,21713926,327751993,https://www.coingecko.com/coins/14468/sparkline,0.0662510876020821
16859,Pylon Protocol,MINE,https://www.coingecko.com/en/coins/pylon-protocol,0.185971,-2.7,0,NULL,7275714,110929025,https://www.coingecko.com/coins/16859/sparkline,0.06558891146839162
681,Aragon,ANT,https://www.coingecko.com/en/coins/aragon,4.87,-0.1,5.9,-4.4,10863220,179731917,https://www.coingecko.com/coins/681/sparkline,0.060441240383587516
849,district0x,DNT,https://www.coingecko.com/en/coins/district0x,0.185511,0.1,6.4,-3.1,8375722,139562713,https://www.coingecko.com/coins/849/sparkline,0.06001403827682828
779,Status,SNT,https://www.coingecko.com/en/coins/status,0.098684868494,0,7.3,-1.6,23104062,385387935,https://www.coingecko.com/coins/779/sparkline,0.0599501434833449
7603,Token Pocket,TPT,https://www.coingecko.com/en/coins/token-pocket,0.065946260436,-0.3,17.3,68.7,13606729,228896003,https://www.coingecko.com/coins/7603/sparkline,0.05944502665693118
14168,Covalent,CQT,https://www.coingecko.com/en/coins/covalent,1.4,-0.1,6.7,-13.3,9467413,161413001,https://www.coingecko.com/coins/14168/sparkline,0.058653348499480534
14570,Fei Protocol,FEI,https://www.coingecko.com/en/coins/fei-protocol,0.996052,-0.2,-0.5,0,24891022,434076380,https://www.coingecko.com/coins/14570/sparkline,0.05734249350310192
12451,Phala Network,PHA,https://www.coingecko.com/en/coins/phala-network,0.813605,-0.2,1.1,1.8,8490989,148184455,https://www.coingecko.com/coins/12451/sparkline,0.0573001331347475
2784,Polymath,POLY,https://www.coingecko.com/en/coins/polymath,0.358536,-1.2,7.5,10.6,17712446,312136185,https://www.coingecko.com/coins/2784/sparkline,0.05674589122052607
12260,Tokamak Network,TON,https://www.coingecko.com/en/coins/tokamak-network,8.77,-0.2,7.4,3.6,18723854,334070015,https://www.coingecko.com/coins/12260/sparkline,0.056047694073950334
5230,VeThor Token,VTHO,https://www.coingecko.com/en/coins/vethor-token,0.011547351188,-0.2,5.2,-16.4,25456980,454462263,https://www.coingecko.com/coins/5230/sparkline,0.056015608055008076
12882,Injective Protocol,INJ,https://www.coingecko.com/en/coins/injective-protocol,11.6,-0.4,7.1,8.4,21222437,379722531,https://www.coingecko.com/coins/12882/sparkline,0.05588932777865636
5681,Fetch.ai,FET,https://www.coingecko.com/en/coins/fetch-ai,0.554193,0.2,8.1,-1.2,20751636,380890733,https://www.coingecko.com/coins/5681/sparkline,0.054481861074840064
1031,Request,REQ,https://www.coingecko.com/en/coins/request-network,0.243806,-0.8,4.1,-15.9,10165727,187013138,https://www.coingecko.com/coins/1031/sparkline,0.05435835743262059
14449,BTC Standard Hashrate Token,BTCST,https://www.coingecko.com/en/coins/btc-standard-hashrate-token,24.03,-0.4,9.8,-2.6,9403841,174857903,https://www.coingecko.com/coins/14449/sparkline,0.05377990264472061
3375,NKN,NKN,https://www.coingecko.com/en/coins/nkn,0.430177,0.4,7.5,-8.9,15035688,280405149,https://www.coingecko.com/coins/3375/sparkline,0.05362129780291588
11973,PARSIQ,PRQ,https://www.coingecko.com/en/coins/parsiq,0.853719,-0.4,21.6,-8.4,5360671,100824729,https://www.coingecko.com/coins/11973/sparkline,0.05316821630137979
5135,IRISnet,IRIS,https://www.coingecko.com/en/coins/irisnet,0.114537,-0.3,7.5,0.1,6593985,124388519,https://www.coingecko.com/coins/5135/sparkline,0.053011202746131254
5992,Gemini Dollar,GUSD,https://www.coingecko.com/en/coins/gemini-dollar,0.998581,0,0.8,0.1,10485309,201582651,https://www.coingecko.com/coins/5992/sparkline,0.05201493753547273
1369,StormX,STMX,https://www.coingecko.com/en/coins/stormx,0.030112803964,0.2,7.4,1.3,14430308,279245521,https://www.coingecko.com/coins/1369/sparkline,0.051676058933099234
15174,Chia,XCH,https://www.coingecko.com/en/coins/chia,250.59,0,4,-1.9,19474861,388701675,https://www.coingecko.com/coins/15174/sparkline,0.050102333621279097
10840,Hive,HIVE,https://www.coingecko.com/en/coins/hive,0.569457,-1,7.5,11.1,10672318,214580023,https://www.coingecko.com/coins/10840/sparkline,0.04973584143944285
17753,SuperRare,RARE,https://www.coingecko.com/en/coins/superrare,2.95,-1.6,17.3,135.9,19796736,398228693,https://www.coingecko.com/coins/17753/sparkline,0.04971197793625584
13267,Decentral Games,DG,https://www.coingecko.com/en/coins/decentral-games,333.69,0.4,24.5,25,5132881,104126654,https://www.coingecko.com/coins/13267/sparkline,0.04929459271782612
12392,AllianceBlock,ALBT,https://www.coingecko.com/en/coins/allianceblock,1.11,1.8,27.2,61.5,12330657,255503423,https://www.coingecko.com/coins/12392/sparkline,0.048260241898990135
4630,Orbs,ORBS,https://www.coingecko.com/en/coins/orbs,0.10567,-0.1,5.7,7.9,11530297,241680991,https://www.coingecko.com/coins/4630/sparkline,0.0477087459476695
15585,Convex Finance,CVX,https://www.coingecko.com/en/coins/convex-finance,6.87,1.7,3.7,-11.1,6634601,142497419,https://www.coingecko.com/coins/15585/sparkline,0.04655944680654181
14899,Kyber Network Crystal,KNC,https://www.coingecko.com/en/coins/kyber-network-crystal,1.96,0.1,6.8,-0.4,9211659,201725992,https://www.coingecko.com/coins/14899/sparkline,0.04566421465410367
13256,API3,API3,https://www.coingecko.com/en/coins/api3,4.6,0.3,11.8,5.8,7322611,162375815,https://www.coingecko.com/coins/13256/sparkline,0.045096685119024656
11841,Orion Protocol,ORN,https://www.coingecko.com/en/coins/orion-protocol,8.36,0.1,4.2,-12.1,11263888,251472500,https://www.coingecko.com/coins/11841/sparkline,0.04479172871785185
752,Numeraire,NMR,https://www.coingecko.com/en/coins/numeraire,43.32,0,4.8,1.2,10952062,250109335,https://www.coingecko.com/coins/752/sparkline,0.04378909727619723
5013,sUSD,SUSD,https://www.coingecko.com/en/coins/susd,0.997414,-0.1,-0.5,-0.5,13288129,312738918,https://www.coingecko.com/coins/5013/sparkline,0.04248952795826965
613,Ark,ARK,https://www.coingecko.com/en/coins/ark,1.38,-0.3,6.4,7.2,9318391,219691123,https://www.coingecko.com/coins/613/sparkline,0.04241587403602102
14612,Cardstarter,CARDS,https://www.coingecko.com/en/coins/cardstarter,28.97,-0.8,8.9,-10.1,5252392,125719882,https://www.coingecko.com/coins/14612/sparkline,0.04177853109979852
11845,Rarible,RARI,https://www.coingecko.com/en/coins/rarible,32.87,-0.9,10.1,36.9,6469366,156161303,https://www.coingecko.com/coins/11845/sparkline,0.04142745914459999
3014,Travala.com,AVA,https://www.coingecko.com/en/coins/travala,3.05,-0.2,2.6,-5,6602725,159460612,https://www.coingecko.com/coins/3014/sparkline,0.04140662021289621
13915,DAO Maker,DAO,https://www.coingecko.com/en/coins/dao-maker,2.33,0.6,3.4,7.3,4706982,115563895,https://www.coingecko.com/coins/13915/sparkline,0.040730558623002455
13761,PAID Network,PAID,https://www.coingecko.com/en/coins/paid-network,1.38,4.4,16.7,18.4,5442092,135267833,https://www.coingecko.com/coins/13761/sparkline,0.04023197444140323
13422,Frax,FRAX,https://www.coingecko.com/en/coins/frax,0.99834,0,-0.4,-0.3,12484031,310775328,https://www.coingecko.com/coins/13422/sparkline,0.04017059874199538
7137, Livepeer,LPT,https://www.coingecko.com/en/coins/livepeer,19.86,-0.3,8.2,-8.6,19050702,479098515,https://www.coingecko.com/coins/7137/sparkline,0.039763642348171334
15407,Wilder World,WILD,https://www.coingecko.com/en/coins/wilder-world,2.07,-4,-11.9,84.4,5827230,148444494,https://www.coingecko.com/coins/15407/sparkline,0.039255278811486265
9566,Nervos Network,CKB,https://www.coingecko.com/en/coins/nervos-network,0.015280323597,0.8,5.6,1.7,16399121,419835903,https://www.coingecko.com/coins/9566/sparkline,0.03906078751916555
8838,sBTC,SBTC,https://www.coingecko.com/en/coins/sbtc,48987,-0.1,4.1,-0.5,7919131,203731136,https://www.coingecko.com/coins/8838/sparkline,0.0388704994017213
13423,Frax Share,FXS,https://www.coingecko.com/en/coins/frax-share,6.82,-0.1,9.4,66.7,8315434,217953809,https://www.coingecko.com/coins/13423/sparkline,0.038152276567921785
16824,StarLink,STARL,https://www.coingecko.com/en/coins/starlink,0.000019172686,-2.3,-5.3,16,7223676,191734296,https://www.coingecko.com/coins/16824/sparkline,0.03767545061421875
16801,The Truth,UFO,https://www.coingecko.com/en/coins/the-truth,0.000006026024,-2.7,27.6,73.5,5947480,157960532,https://www.coingecko.com/coins/16801/sparkline,0.03765168377629926
398,Steem,STEEM,https://www.coingecko.com/en/coins/steem,0.583851,0,5.7,3.5,8530577,226771543,https://www.coingecko.com/coins/398/sparkline,0.0376174933024996
13005,KeeperDAO,ROOK,https://www.coingecko.com/en/coins/keeperdao,177.09,9,14.3,-9.8,3896629,105311086,https://www.coingecko.com/coins/13005/sparkline,0.03700112825728528
12493,Gala,GALA,https://www.coingecko.com/en/coins/gala,0.031022342038,-0.3,2.5,46.7,8530292,233386751,https://www.coingecko.com/coins/12493/sparkline,0.03655002678365406
9805,Newscrypto Coin,NWC,https://www.coingecko.com/en/coins/newscrypto-coin,1.03,-0.2,10.2,46.9,5581763,155765043,https://www.coingecko.com/coins/9805/sparkline,0.03583450363763582
17470,EDEN,EDEN,https://www.coingecko.com/en/coins/eden,4.31,0.1,10.8,17.8,11249675,319564943,https://www.coingecko.com/coins/17470/sparkline,0.035203094852616544
3416,TomoChain,TOMO,https://www.coingecko.com/en/coins/tomochain,3.32,2.9,11.8,1.5,9518695,278506021,https://www.coingecko.com/coins/3416/sparkline,0.03417769916004796
11797,WHALE,WHALE,https://www.coingecko.com/en/coins/whale,20.74,1.6,1.3,65.3,4329556,129204206,https://www.coingecko.com/coins/11797/sparkline,0.03350940448486638
12783,TON Crystal,TON,https://www.coingecko.com/en/coins/ton-crystal,0.389892,0.1,0.3,0.1,8132576,247771680,https://www.coingecko.com/coins/12783/sparkline,0.03282286337163311
611,Komodo,KMD,https://www.coingecko.com/en/coins/komodo,1.08,-0.3,6,-8.5,4418033,137551527,https://www.coingecko.com/coins/611/sparkline,0.03211911271621143
11636,Render Token,RNDR,https://www.coingecko.com/en/coins/render-token,1.28,0.1,3.9,-3.7,5701685,197096378,https://www.coingecko.com/coins/11636/sparkline,0.028928410850857948
3482,Wanchain,WAN,https://www.coingecko.com/en/coins/wanchain,0.853701,-0.2,7.4,-3.3,4162959,150739274,https://www.coingecko.com/coins/3482/sparkline,0.027616950045812216
9519,PAX Gold,PAXG,https://www.coingecko.com/en/coins/pax-gold,1820.81,-0.3,0.7,1.9,8620455,328769074,https://www.coingecko.com/coins/9519/sparkline,0.026220395048471012
12718,Hathor,HTR,https://www.coingecko.com/en/coins/hathor,0.836623,0.5,10.6,-4.1,4649847,177775179,https://www.coingecko.com/coins/12718/sparkline,0.026155771723340524
17106,Wrapped Centrifuge,WCFG,https://www.coingecko.com/en/coins/wrapped-centrifuge,1.2,0.3,4.2,-10.3,2637211,101265987,https://www.coingecko.com/coins/17106/sparkline,0.026042416393966514
14773,Mango Markets,MNGO,https://www.coingecko.com/en/coins/mango-markets,0.312749,0.3,22.9,28.7,8077407,312008241,https://www.coingecko.com/coins/14773/sparkline,0.02588844119665416
14113,Alchemix,ALCX,https://www.coingecko.com/en/coins/alchemix,329.14,-0.1,-0.7,-9.7,5018107,202002190,https://www.coingecko.com/coins/14113/sparkline,0.024841844536437948
13573,Lido DAO,LDO,https://www.coingecko.com/en/coins/lido-dao,6.3,0.7,13.8,-0.5,6463525,260335578,https://www.coingecko.com/coins/13573/sparkline,0.02482766685082129
10117,Neutrino USD,USDN,https://www.coingecko.com/en/coins/neutrino-usd,0.999559,0.1,0.1,-0.3,11366776,474500668,https://www.coingecko.com/coins/10117/sparkline,0.023955237087253164
11093,Sora,XOR,https://www.coingecko.com/en/coins/sora,307.55,-0.1,-4,47,2388330,105804200,https://www.coingecko.com/coins/11093/sparkline,0.02257311146438421
959,Kin,KIN,https://www.coingecko.com/en/coins/kin,0.00014220614,0.2,17,-28.6,4968779,221769220,https://www.coingecko.com/coins/959/sparkline,0.022405178680792583
14420,Anchor Protocol,ANC,https://www.coingecko.com/en/coins/anchor-protocol,3.07,-0.1,4.3,-11,7098965,327737460,https://www.coingecko.com/coins/14420/sparkline,0.021660523639867105
1341,Uquid Coin,UQC,https://www.coingecko.com/en/coins/uquid-coin,16.82,0,4.4,-6.9,3550652,168174998,https://www.coingecko.com/coins/1341/sparkline,0.021112841041924676
9651,Velas,VLX,https://www.coingecko.com/en/coins/velas,0.053901588781,-0.4,-0.1,2.9,2168839,117904138,https://www.coingecko.com/coins/9651/sparkline,0.01839493538386244
7588,Telos,TLOS,https://www.coingecko.com/en/coins/telos,0.45484,0.2,13.7,111,1784568,100807744,https://www.coingecko.com/coins/7588/sparkline,0.017702687603047638
13677,THORChain (ERC20),RUNE,https://www.coingecko.com/en/coins/thorchain-erc20,10.52,-0.5,7.6,10.1,2935414,170865883,https://www.coingecko.com/coins/13677/sparkline,0.017179637903489486
13860,Bounce,AUCTION,https://www.coingecko.com/en/coins/bounce,32.9,-0.2,6.3,-15.5,2541807,150652969,https://www.coingecko.com/coins/13860/sparkline,0.01687193433273791
14013,Radicle,RAD,https://www.coingecko.com/en/coins/radicle,14.53,2.3,9.9,69.5,4846808,290027562,https://www.coingecko.com/coins/14013/sparkline,0.016711542746409735
15602,GeroWallet,GERO,https://www.coingecko.com/en/coins/gerowallet,0.392259,-0.4,11.1,-21.7,1685795,102400258,https://www.coingecko.com/coins/15602/sparkline,0.016462800318335136
14870,ApeSwap Finance,BANANA,https://www.coingecko.com/en/coins/apeswap-finance,4.71,0.1,4.3,10.9,4107393,250570197,https://www.coingecko.com/coins/14870/sparkline,0.016392184901383146
8825,Prometeus,PROM,https://www.coingecko.com/en/coins/prometeus,18.45,-0.9,2,-12.6,4842735,303916885,https://www.coingecko.com/coins/8825/sparkline,0.01593440588205555
10886,Energy Web Token,EWT,https://www.coingecko.com/en/coins/energy-web-token,11.29,-0.4,6.4,-13.7,6721554,444123789,https://www.coingecko.com/coins/10886/sparkline,0.015134415598710475
1254,Bitcoin Diamond,BCD,https://www.coingecko.com/en/coins/bitcoin-diamond,2.54,-0.2,6.2,-12.8,7222002,478489455,https://www.coingecko.com/coins/1254/sparkline,0.015093335755957255
14879,Sentinel,DVPN,https://www.coingecko.com/en/coins/sentinel,0.024587564557,0,10.1,15.5,1564347,104172208,https://www.coingecko.com/coins/14879/sparkline,0.01501693234725331
3693,Kadena,KDA,https://www.coingecko.com/en/coins/kadena,0.821932,0.5,7.3,-3.4,1767847,117753732,https://www.coingecko.com/coins/3693/sparkline,0.015013086803906988
13861,Vai,VAI,https://www.coingecko.com/en/coins/vai,0.77903,-0.2,-0.7,-2.6,2092492,146123933,https://www.coingecko.com/coins/13861/sparkline,0.014319981381831545
16911,Metahero,HERO,https://www.coingecko.com/en/coins/metahero,0.030783931518,-0.7,-1.2,-0.5,1982240,144712628,https://www.coingecko.com/coins/16911/sparkline,0.013697767965349921
11871,Secret,SCRT,https://www.coingecko.com/en/coins/secret,1.7,-0.8,6.4,-2.3,3347370,249236058,https://www.coingecko.com/coins/11871/sparkline,0.013430520554935113
7460,RSK Infrastructure Framework,RIF,https://www.coingecko.com/en/coins/rsk-infrastructure-framework,0.250001,-0.1,3.4,2.6,2544899,190903458,https://www.coingecko.com/coins/7460/sparkline,0.013330816668601152
662,Gnosis,GNO,https://www.coingecko.com/en/coins/gnosis,288.22,-0.8,-6.4,23,5760649,435463452,https://www.coingecko.com/coins/662/sparkline,0.013228777233869905
11976,Cream,CREAM,https://www.coingecko.com/en/coins/cream,174.54,-0.3,1.1,-12.3,1719899,134112947,https://www.coingecko.com/coins/11976/sparkline,0.012824257750446719
14316,PlayDapp,PLA,https://www.coingecko.com/en/coins/playdapp,0.99302,-2.1,7.7,1,2295266,180354258,https://www.coingecko.com/coins/14316/sparkline,0.012726430889144852
2138,SingularityNET,AGIX,https://www.coingecko.com/en/coins/singularitynet,0.302888,0.4,11.4,2,2403802,191481261,https://www.coingecko.com/coins/2138/sparkline,0.012553719290578517
542,Golem,GLM,https://www.coingecko.com/en/coins/golem,0.460888,0.3,4.3,6.6,5735633,459475430,https://www.coingecko.com/coins/542/sparkline,0.012483002627583372
14233,Nerve Finance,NRV,https://www.coingecko.com/en/coins/nerve-finance,2.86,-0.4,0.5,36.3,1726274,141568328,https://www.coingecko.com/coins/14233/sparkline,0.012193928009095368
14688,Instadapp,INST,https://www.coingecko.com/en/coins/instadapp,7.41,-0.3,-4.7,-8.6,1603702,133233794,https://www.coingecko.com/coins/14688/sparkline,0.01203675097625757
14483,Olympus,OHM,https://www.coingecko.com/en/coins/olympus,349.79,1.2,1.4,26,5208098,459879139,https://www.coingecko.com/coins/14483/sparkline,0.011324927700188636
12785,Akash Network,AKT,https://www.coingecko.com/en/coins/akash-network,3.21,-0.3,9.5,2.1,2658311,243260812,https://www.coingecko.com/coins/12785/sparkline,0.01092782260383148
12465,DeFiPulse Index,DPI,https://www.coingecko.com/en/coins/defipulse-index,394.72,-0.4,5.6,-6.3,2118378,195039703,https://www.coingecko.com/coins/12465/sparkline,0.010861265513719532
5003,AscendEx Token,ASD,https://www.coingecko.com/en/coins/ascendex-token,0.431151,-0.1,3.2,-3.6,3470991,320612530,https://www.coingecko.com/coins/5003/sparkline,0.010826123982116357
7942,KardiaChain,KAI,https://www.coingecko.com/en/coins/kardiachain,0.052626073713,-0.2,-0.5,-7.7,1535715,143533866,https://www.coingecko.com/coins/7942/sparkline,0.010699321649986073
2707,Unibright,UBT,https://www.coingecko.com/en/coins/unibright,3.15,0.5,3.7,25.4,4676633,468102910,https://www.coingecko.com/coins/2707/sparkline,0.009990608689016696
13395,Bonfida,FIDA,https://www.coingecko.com/en/coins/bonfida,4.15,-0.9,6.2,8.4,1920794,205523409,https://www.coingecko.com/coins/13395/sparkline,0.009345864830414524
13145,e-Radix,EXRD,https://www.coingecko.com/en/coins/e-radix,0.126141,-0.2,8.7,-14.3,1297185,140370973,https://www.coingecko.com/coins/13145/sparkline,0.00924111995718659
119,Syscoin,SYS,https://www.coingecko.com/en/coins/syscoin,0.246587,0,6.6,-6.1,1383131,152085051,https://www.coingecko.com/coins/119/sparkline,0.009094457284956954
11423,LUKSO Token,LYXE,https://www.coingecko.com/en/coins/lukso-token,10.79,0.3,0.1,-15,1446827,161108219,https://www.coingecko.com/coins/11423/sparkline,0.008980466725909247
80,MaidSafeCoin,MAID,https://www.coingecko.com/en/coins/maidsafecoin,0.484741,0.3,3.6,-20.8,1897815,219160729,https://www.coingecko.com/coins/80/sparkline,0.008659466541562745
3269,Syntropy,NOIA,https://www.coingecko.com/en/coins/syntropy,0.309358,0.9,6.9,3,1246622,148544185,https://www.coingecko.com/coins/3269/sparkline,0.008392263891043597
99,MonaCoin,MONA,https://www.coingecko.com/en/coins/monacoin,1.59,-0.2,4,-2.1,1025879,131655259,https://www.coingecko.com/coins/99/sparkline,0.007792161192740504
11335,MATH,MATH,https://www.coingecko.com/en/coins/math,1.42,-0.1,0,10.8,1375263,198769065,https://www.coingecko.com/coins/11335/sparkline,0.006918898572069049
4708,Ampleforth,AMPL,https://www.coingecko.com/en/coins/ampleforth,0.956746,-0.4,4.3,2.9,977268,145118020,https://www.coingecko.com/coins/4708/sparkline,0.006734298056161461
8089,DigitalBits,XDB,https://www.coingecko.com/en/coins/digitalbits,0.163026,-0.7,3,-16.4,832800,124486167,https://www.coingecko.com/coins/8089/sparkline,0.00668989993080918
13234,USDP Stablecoin,USDP,https://www.coingecko.com/en/coins/usdp,0.992098,-0.3,-0.4,-0.2,898717,136780475,https://www.coingecko.com/coins/13234/sparkline,0.006570506499557045
14114,Alchemix USD,ALUSD,https://www.coingecko.com/en/coins/alchemix-usd,0.99734,0.1,-0.3,0.3,1513137,245157966,https://www.coingecko.com/coins/14114/sparkline,0.006172089876125012
1109,Electroneum,ETN,https://www.coingecko.com/en/coins/electroneum,0.013441014231,0.7,-3.7,-21.7,1340175,240201021,https://www.coingecko.com/coins/1109/sparkline,0.005579389273287061
1877,OriginTrail,TRAC,https://www.coingecko.com/en/coins/origintrail,0.318154,-3.1,5.4,-11.6,637675,116623018,https://www.coingecko.com/coins/1877/sparkline,0.00546783140185928
14629,Tenset,10SET,https://www.coingecko.com/en/coins/tenset,1.47,0.6,4.9,-11.8,664261,124585735,https://www.coingecko.com/coins/14629/sparkline,0.005331758086108333
12240,Klever,KLV,https://www.coingecko.com/en/coins/klever,0.048678918507,0.5,7.6,6.9,1338673,263765319,https://www.coingecko.com/coins/12240/sparkline,0.005075242662967378
5164,STASIS EURO,EURS,https://www.coingecko.com/en/coins/stasis-eurs,1.18,-0.2,0.9,1.1,533940,105642952,https://www.coingecko.com/coins/5164/sparkline,0.005054194244780286
13631,Hydra,HYDRA,https://www.coingecko.com/en/coins/hydra,17.55,0,3.2,1.2,531889,109535087,https://www.coingecko.com/coins/13631/sparkline,0.004855877824792343
14582,Persistence,XPRT,https://www.coingecko.com/en/coins/persistence,8.12,0,9.1,6.7,1493365,316576946,https://www.coingecko.com/coins/14582/sparkline,0.004717225997877938
8186,Function X,FX,https://www.coingecko.com/en/coins/function-x,0.464496,0.1,3.5,-14.5,826487,184592005,https://www.coingecko.com/coins/8186/sparkline,0.004477371595806655
861,SONM,SNM,https://www.coingecko.com/en/coins/sonm,0.275513,0,-2.2,9.1,532802,120572959,https://www.coingecko.com/coins/861/sparkline,0.004418917843759644
10562,Handshake,HNS,https://www.coingecko.com/en/coins/handshake,0.261771,-0.4,3.9,-2,469084,108138187,https://www.coingecko.com/coins/10562/sparkline,0.004337820089400981
13509,Oxygen,OXY,https://www.coingecko.com/en/coins/oxygen,1.75,-0.2,5.4,-4.1,1418886,353241573,https://www.coingecko.com/coins/13509/sparkline,0.004016758242665848
13878,FEG Token,FEG,https://www.coingecko.com/en/coins/feg-token,0.000000003665,-0.6,4.8,-12.5,550842,152938175,https://www.coingecko.com/coins/13878/sparkline,0.0036017299147188073
16796,Ledgis,LED,https://www.coingecko.com/en/coins/ledgis,1.24,-0.3,-0.4,-4.9,475946,141928368,https://www.coingecko.com/coins/16796/sparkline,0.0033534240314804435
7805,Hxro,HXRO,https://www.coingecko.com/en/coins/hxro,0.525557,-0.5,0.5,4,465523,141479793,https://www.coingecko.com/coins/7805/sparkline,0.003290385079938589
2063,Vectorspace AI,VXV,https://www.coingecko.com/en/coins/vectorspace-ai,4,0,9.1,-5.9,452575,150179547,https://www.coingecko.com/coins/2063/sparkline,0.00301355949622088
9626,PEAKDEFI,PEAK,https://www.coingecko.com/en/coins/peakdefi,0.631228,-0.4,0.1,118.6,1003891,338955992,https://www.coingecko.com/coins/9626/sparkline,0.0029617148647426775
8843,sETH,SETH,https://www.coingecko.com/en/coins/seth,3249.41,0.1,5.7,-0.8,842510,322314881,https://www.coingecko.com/coins/8843/sparkline,0.0026139345393736257
3522,Dero,DERO,https://www.coingecko.com/en/coins/dero,14.87,0.1,6,-1.8,410403,160105669,https://www.coingecko.com/coins/3522/sparkline,0.002563325849505054
16835,Thorstarter,XRUNE,https://www.coingecko.com/en/coins/thorstarter,0.528485,4,27.4,19.5,799047,313106811,https://www.coingecko.com/coins/16835/sparkline,0.0025519949484586585
13453,DerivaDAO,DDX,https://www.coingecko.com/en/coins/derivadao,7.18,-0.2,18.4,64.8,456655,187275004,https://www.coingecko.com/coins/13453/sparkline,0.00243841938457521
5111,Beldex,BDX,https://www.coingecko.com/en/coins/beldex,0.104693,-0.2,3.8,0.2,359922,157221248,https://www.coingecko.com/coins/5111/sparkline,0.002289270722491657
12688,Kirobo,KIRO,https://www.coingecko.com/en/coins/kirobo,0.476936,1.5,6,15.5,305030,142965166,https://www.coingecko.com/coins/12688/sparkline,0.0021335966552859455
13310,Efforce,WOZX,https://www.coingecko.com/en/coins/efforce,0.825943,-2.4,-0.9,-11.6,240854,114410061,https://www.coingecko.com/coins/13310/sparkline,0.002105181990943961
2090,Rocket Pool,RPL,https://www.coingecko.com/en/coins/rocket-pool,17.82,0.1,4.8,-2.4,600789,288090851,https://www.coingecko.com/coins/2090/sparkline,0.0020854150623478146
808,PAC Protocol,PAC,https://www.coingecko.com/en/coins/pac-protocol,0.006563119544,0,5.9,2.1,188645,100294763,https://www.coingecko.com/coins/808/sparkline,0.0018809057856789592
13056,USDX,USDX,https://www.coingecko.com/en/coins/usdx,0.995867,-0.1,-0.1,0.3,226777,123527954,https://www.coingecko.com/coins/13056/sparkline,0.001835835474130819
17380,Artery,ARTR,https://www.coingecko.com/en/coins/artery,1.45,0.1,2.1,-0.6,202722,135739384,https://www.coingecko.com/coins/17380/sparkline,0.0014934648591008782
13299,Sora Validator Token,VAL,https://www.coingecko.com/en/coins/sora-validator-token,1.07,-2.9,-13.6,42.3,135639,110846902,https://www.coingecko.com/coins/13299/sparkline,0.0012236607208021024
17618,hi Dollar,HI,https://www.coingecko.com/en/coins/hi-dollar,0.868487,0,-2,31.3,132040,118252780,https://www.coingecko.com/coins/17618/sparkline,0.0011165910856387477
10644,c0x,CZRX,https://www.coingecko.com/en/coins/compound-0x,0.02253364689,0.9,5.9,4.9,148331,138461963,https://www.coingecko.com/coins/10644/sparkline,0.0010712761597927078
12387,HBTC Captain Token,HBC,https://www.coingecko.com/en/coins/hbtc-token,13.58,-0.3,0.1,-3.6,275544,257722801,https://www.coingecko.com/coins/12387/sparkline,0.0010691487091202302
8103,WPP Token,WPP,https://www.coingecko.com/en/coins/wpp-token,0.040800624634,-2.4,4.8,53.9,131907,128675004,https://www.coingecko.com/coins/8103/sparkline,0.001025117512333631
40,Reddcoin,RDD,https://www.coingecko.com/en/coins/reddcoin,0.003009971974,-10.7,3.6,-22.2,104530,102260180,https://www.coingecko.com/coins/40/sparkline,0.0010221965187231237
13932,Evolution Finance,EVN,https://www.coingecko.com/en/coins/evolution-finance,377.77,0.5,5,-17.1,109356,113165636,https://www.coingecko.com/coins/13932/sparkline,0.0009663357523126544
1273,Divi,DIVI,https://www.coingecko.com/en/coins/divi,0.042235374549,-1.1,0.1,-11.4,79560,104452066,https://www.coingecko.com/coins/1273/sparkline,0.0007616890986148612
10481,Tether Gold,XAUT,https://www.coingecko.com/en/coins/tether-gold,1817.78,0,0.9,2,103849,155237694,https://www.coingecko.com/coins/10481/sparkline,0.0006689676799759728
13566,Escoin Token,ELG,https://www.coingecko.com/en/coins/escoin-token,2.4,0.4,3.7,-9.4,91114,136254160,https://www.coingecko.com/coins/13566/sparkline,0.000668706188493621
14995,Privateum,PVM,https://www.coingecko.com/en/coins/privateum,1.65,-0.1,72.4,94.3,47135,131819264,https://www.coingecko.com/coins/14995/sparkline,0.0003575729265185398
15586,Convex CRV,CVXCRV,https://www.coingecko.com/en/coins/convex-crv,2.13,NULL,3.7,-8.9,65732,188640201,https://www.coingecko.com/coins/15586/sparkline,0.00034845170674940065
8478,Sapphire,SAPP,https://www.coingecko.com/en/coins/sapphire,0.373376,0,3.7,-0.6,48295,236819380,https://www.coingecko.com/coins/8478/sparkline,0.0002039317897040352
13403,ankrETH,AETH,https://www.coingecko.com/en/coins/ankreth,3045.85,0,4.5,-2.7,28143,152816195,https://www.coingecko.com/coins/13403/sparkline,0.00018416241812590608
12696,cUNI,CUNI,https://www.coingecko.com/en/coins/compound-uniswap,0.549802,0.3,4.8,-5.9,18101.73,305128122,https://www.coingecko.com/coins/12696/sparkline,0.00005932501364131884
1357,LockTrip,LOC,https://www.coingecko.com/en/coins/locktrip,6.1,-0.1,1.4,3,5054.97,100716101,https://www.coingecko.com/coins/1357/sparkline,0.0000501902868539361
10645,cBAT,CBAT,https://www.coingecko.com/en/coins/compound-basic-attention-token,0.017144600647,NULL,6.8,6.5,4493.33,107890257,https://www.coingecko.com/coins/10645/sparkline,0.00004164722677414699
1365,Aave [OLD],LEND,https://www.coingecko.com/en/coins/aave-old,3.64,-0.4,2.7,-10.7,5340.01,195812297,https://www.coingecko.com/coins/1365/sparkline,0.00002727106561647658
2170,Pundi X [OLD],NPXS,https://www.coingecko.com/en/coins/pundi-x-old,0.001668364917,0.1,8.9,0.3,9608.47,394600483,https://www.coingecko.com/coins/2170/sparkline,0.000024349868826693756
2097,CRYPTO20,C20,https://www.coingecko.com/en/coins/crypto20,4.4,-0.8,3.3,1.3,3007.3,146565886,https://www.coingecko.com/coins/2097/sparkline,0.000020518417225683746
10805,pTokens BTC,PBTC,https://www.coingecko.com/en/coins/ptokens-btc,49532,NULL,5.3,6,621.47,126554007,https://www.coingecko.com/coins/10805/sparkline,0.000004910709781002826
11862,Unit Protocol,COL,https://www.coingecko.com/en/coins/unit-protocol,0.025979053627,NULL,NULL,NULL,NULL,114966356,https://www.coingecko.com/coins/11862/sparkline,NULL
